title,clustering_index,article_count
"""Market Volatility and Budget Expectations in India""",6,54
"""Surging Gold and Silver Prices: Market Insights""",2,16
Market Trends and Events Ahead of Republic Day 2026,5,18
"""Geopolitical Tensions and Market Reactions""",8,32
Investment Shifts and Leadership Changes in Tech,7,14
"""Global Economic Shifts and Corporate Strategies""",-1,26
"""Trends in AI, Tech Regulation, and Legal Challenges""",3,18
"""AI's Impact on India's Future and Global Landscape""",4,66
Tensions Rise Over Immigration Enforcement in Minnesota,11,13
"""India's Automotive Landscape: Growth, Challenges, and Innovations""",0,50
"Global Turmoil: Conflicts, Disasters, and Political Strife",10,43
Global Political Developments and Tensions,9,11
